[, Employee Name, Employee Number, State, Zip, Age, Sex, 
, "Singh,  Nan ", 1307059817, MA, 2330, 29, Female, 
, "Smith,  Leigh Ann", 711007713, MA, 1844, 30, Female, 
, "Boutwell,  Bonalyn", 1307060188, MA, 2468, 30, Female, 
, "Murray,  Thomas", 1406068403, TX, 78230, 29, Male, 
, "Salter,  Jason", 1111030148, MA, 2452, 30, Male, 
, "Lindsay,  Leonara ", 602000312, CT, 6070, 29, Female, 
, "Bacong,  Alejandro ", 1212052023, MA, 1886, 30, Male, 
, "Cisco,  Anthony", 1102024173, MA, 2135, 28, Male, 
, "Dolan,  Linda", 1101023540, MA, 2119, 29, Female, 
, "Merlos,  Carlos", 1012023013, MA, 2138, 30, Male, 
, "Tredinnick,  Neville ", 1104025466, MA, 1420, 29, Male, 
, "Alagbe, Trina", 1011022883, MA, 1886, 29, Female, 
, "Anderson,  Carol ", 1001417624, MA, 2169, 28, Female, 
, "Billis,  Helen", 1308060366, MA, 2031, 28, Female, 
, "Brill,  Donna", 1406068293, MA, 1701, 27, Female, 
, "Cierpiszewski,  Caroline  ", 1012023295, MA, 2044, 29, Female, 
, "Crimmings,    Jean", 1311063172, MA, 1821, 30, Female, 
, "Eaton,  Marianne", 1406067865, MA, 2343, 26, Female, 
, "Evensen,  April", 1107027392, MA, 2458, 28, Female, 
, "Fernandes,  Nilson  ", 1302053339, MA, 2132, 28, Male, 
, "Gentry,  Mildred", 1501072192, MA, 2145, 27, Female, 
, "Gold,  Shenice  ", 1408069539, MA, 2451, 25, Female, 
, "Ivey,  Rose ", 1408069882, MA, 1775, 27, Female, 
, "Ndzi,  Colombui", 1204033041, MA, 2110, 28, Male, 
, "Pelech,  Emil", 1307060058, MA, 2458, 29, Male, 
, "Pham,  Hong", 1305057440, MA, 2451, 29, Male, 
, "Rossetti,  Bruno", 1405067492, MA, 2155, 30, Male, 
, "Sander,  Kamrin", 1302053362, MA, 2154, 29, Female, 
, "Veera,  Abdellah ", 1203032235, MA, 2171, 30, Male, 
, "Whittier,  Scott", 1307060212, MA, 2030, 30, Male, 
, "Akinkuolie,  Sarah", 1005019209, MA, 1810, 29, Female, 
, "Blount,  Dianna", 1403066125, MA, 2171, 27, Female, 
, "Erilus,  Angela", 1105025661, MA, 2133, 28, Female, 
, "Fancett,  Nicole", 1402065085, MA, 2324, 30, Female, 
, "Hankard,  Earnest", 1307059937, MA, 2155, 29, Male, 
, "Hutter,  Rosalie", 1103024924, MA, 2351, 25, Female, 
, "McCarthy,  Brigit", 1406067957, MA, 2149, 30, Female, 
, "Monkfish,  Erasumus  ", 1404066711, MA, 1450, 25, Male, 
, "Pelletier,  Ermine", 1202031821, MA, 2472, 28, Female, 
, "Sloan,  Constance", 1012023103, MA, 1851, 30, Female, 
, "Costa,  Latia", 1409070567, CA, 90007, 29, Female, 
, "Dietrich,  Jenna  ", 1408069481, WA, 98052, 30, Female, 
, "Digitale,  Alfred", 1306059197, NH, 3062, 29, Male, 
, "Givens,  Myriam", 1203032099, IN, 46204, 28, Female, 
, "Leruth,  Giovanni", 1412071660, UT, 84111, 29, Male, 
, "Nguyen,  Dheepa", 1111030684, GA, 30428, 28, Female, 
, "Onque,  Jasmine", 1501072180, FL, 33174, 27, Female, 
, "Potts,  Xana", 1102024106, KY, 40220, 29, Female, 
, "Strong,  Caitrin", 1411071295, MT, 59102, 28, Female, 
, "Valentin, Jackie", 1312063714, AZ, 85006, 26, Female, 
, "Villanueva,  Noah", 1111030503, ME, 4063, 28, Male, 
, "Daneault,  Lynn", 1402065303, VT, 5473, 27, Female, 
, "Kampew,  Donysha    ", 1109029264, PA, 19444, 28, Female, 
, "Carabbio,  Judith", 1101023577, MA, 2132, 30, Female, 
, "Exantus,  Susan", 1401064670, MA, 1749, 30, Female, 
, "Martin,  Sandra", 1303054625, MA, 2135, 30, Female, 
]
